month,predicted_receipts
2022-01,277044746.54249907
2022-02,256115140.79811203
2022-03,290067350.9390349
2022-04,287225201.8506954
2022-05,303531399.5524022
2022-06,300254926.3152445
2022-07,316995448.16576964
2022-08,323837833.52666146
2022-09,319906314.0322695
2022-10,337301882.1400288
2022-11,332936038.49681854
2022-12,350765930.7533962
